Title,Video ID,Published At,View Count,Like Count,Tags
Project Blue Beam: Staging a Fake Alien Attack to Take Over the World,kaS8fP12CGM,2024-10-08T20:21:31Z,0,0,No Tags
COMPILATION: The Stories That Made Me a Believer,cHR-S4Ni7PE,2024-09-20T01:10:29Z,0,0,No Tags
Alien Implants Vol. 1: Devil’s Den UFO Encounter: What Was Found Inside Terry Lovelace?,SJek6PsN2xg,2024-09-16T10:47:59Z,0,0,No Tags
Operation Sunray | Hunting the Entity in the Tsarichina Hole,t1eGM-dTZu0,2024-09-01T05:00:08Z,0,0,No Tags
Accidental Time Travelers | The Mystery and Science of Time Slips,vLfV9PowEbw,2024-08-24T01:00:07Z,0,0,No Tags
COMPILATION: Biblical Mysteries from Eden to Armageddon,HCRZ1STWsCE,2024-08-16T06:44:33Z,0,0,No Tags
Illuminati Vol. 1: The Bilderberg Blueprint and Hidden Agenda of Global Elites,reXi0C1JoHo,2024-08-04T22:18:15Z,0,0,No Tags
The Pascagoula UFO Incident | When Nightmares Come True,IAEsS4IOrBk,2024-07-26T00:00:07Z,0,0,No Tags
"Compilation: The Moon is Weird - No, really. The Moon does not make sense.",OAzikSDmslU,2024-07-21T06:56:57Z,0,0,No Tags
Philadelphia to Montauk and Beyond | Al Bielek's Journey through Time and Space,BzRR4Yg6B3w,2024-07-16T01:00:07Z,0,0,No Tags
Operation Gladio | How The Mob Financed The CIA's Secret Army,2k7YTFrmt84,2024-07-06T12:53:58Z,0,0,No Tags
Compilation: Our Reality is an Illusion,Nr5yk9mxzSI,2024-07-01T08:00:21Z,0,0,No Tags
The Dark Side of DARPA | The Human Cost of Technological Supremacy,zo68B3UG9VU,2024-06-28T00:00:08Z,0,0,No Tags
Compilation: Ancient Mysteries vol 1,7e4Csdyx_J0,2024-06-20T20:36:36Z,0,0,No Tags
The Dark Side of the Moon | Alien Activity and the NASA Cover-Up,WqHimq-PT_s,2024-06-14T00:00:08Z,0,0,No Tags
Compilation: Stories about the Apocalypse,2SpXMu-B5mU,2024-06-07T04:06:16Z,0,0,No Tags
Killer Patents & Secret Science Vol. 2 | Forbidden Medical Cures,Rg-Ocr5hNLI,2024-06-05T07:50:19Z,0,0,No Tags
AFTER FILES! The Giants of Malta,mtfJFUeFofA,2024-05-31T05:09:04Z,0,0,No Tags
Giants of Malta | Evidence the Ancient Builders are Hiding Underground,-l_GdVh1LYE,2024-05-31T01:00:08Z,0,0,No Tags
Subliminal Warfare | Mind Control and Invisible Influence,VVMpple3CJc,2024-05-21T01:00:07Z,0,0,"invisible influence, mind control, mind control juice wrld, mind control hypnosis, mind control meditation, programming the nation full documentary"
The Genetic Arms Race | How CRISPR and AI Destroy the World,OvcCK-F6aKY,2024-05-12T02:00:07Z,0,0,"gene editing, genetic engineering, jennifer doudna, designer babies, dna editing, ted talks, gene therapy, gene editing technology, crispr gene editing and beyond, crispr cas gene editing, crispr-cas9 gene editing for sickle cell disease and β-thalassemia, crispr/cas9 gene-editing tool, crispr gene editing documentary, crispr gene editing at home, crisper"
AFTER FILES Live Stream: The Dark Pyramid of Alaska,xK0WZo04Cxo,2024-05-05T02:20:03Z,0,0,No Tags
The Dark Pyramid of Alaska | Military Cover-up of a Forbidden Collaboration,purPO8UE-9g,2024-05-04T22:00:06Z,0,0,"history channel, history shows, ancient aliens, ancient aliens clips, ancient aliens full episodes, extra terrestrials, ufo videos, dark pyramid, black pyramid, dark pyramid alaska, black pyramid alaska, aliens video, history documentary, the unxplained, unxplained full episodes, aliens in alaska, extraterrestrials ufo, extraterrestrials life"
Our Alien Overlords | How We Secretly Serve The Tall Whites,EieUJvKrjo4,2024-04-27T04:00:06Z,0,0,"history channel, history shows, the history channel, extra terrestrials, ufo video clips, millennial hospitality, history channel en español, history channel documentary, aliens video, ufo videos, history channel shows, ufo video las vegas, ufo videos declassified, extraterrestrials trailer, tall whites, charles hall, walking with the tall whites, walking with the tall whites documentary, ancient aliens"
Killer Patents & Secret Science Vol. 1 | Free Energy & Anti-Gravity Cover-Ups,-ZRwlYtAMps,2024-04-20T01:00:08Z,0,0,"dark energy, flying saucers, flying saucers vs earth, dark energy and dark matter"
"Martian Mysteries | The Phobos Incident, Monoliths, and Ancient Ruins",DJuxIDyHZCw,2024-04-12T01:00:08Z,0,0,"history channel, phobos 2, history shows, ancient aliens clips, ancient aliens full episodes, ancient aliens, ancient aliens full episodes playlist, history channel shows, ancient aliens full episodes 2023, ancient aliens debunked, ancient aliens annunaki, ancient aliens ytp, ancient aliens antartica, ancient aliens debunked - (full movie), ancient aliens full episodes new, history channel full episodes, history channel documentary"
Annunaki | Gods from Planet Nibiru and the Makers of Man,vZBRMcUkqNA,2024-04-06T01:00:07Z,0,0,"ancient aliens, history channel, aliens video, ufo video, ufo videos, history shows, ancient aliens clips, history channel shows, ancient aliens full episodes, extra terrestrials, ufo video clips, the anunnaki, the history channel, ancient aliens history channel, astronaut gods, sumerian mythology, documentary history channel, full episodes, original series"
Compilation: Weird & Bizarre stories!,Ymynk91cMas,2024-03-28T23:42:59Z,0,0,No Tags
Compilation: Time Travel stories!,Op_LNbZYQOQ,2024-03-21T15:19:55Z,0,0,"time travel, unexplained mysteries, unexplained mystery, top 10, top 5, found online"
Compilation: UFOs & Aliens!,4XP_m5-ULnA,2024-03-14T20:12:48Z,0,0,"ufo video, ufo videos, alien life, extraterrestrial life, history channel, ufo sighting, ancient aliens full episodes, the history channel, ufo footage, ufo videos released las vegas, ufo video compilation"
After Files Live Stream! Creepy Classics Compilation,UjCiFCKE4mY,2024-03-08T04:21:33Z,0,0,No Tags
Compilation: Creepy Classics!,rofTPRVwcas,2024-03-07T22:18:29Z,0,0,No Tags
"Creatures & Cryptid Files Vol 1: Bigfoot, Loch Ness Monster, and El Chupacabra",-1p0mvfzPS8,2024-03-03T03:30:10Z,0,0,No Tags
Mysteries Beneath the Ice: The Secrets of Antarctica,IQz7innxnms,2024-02-23T02:00:12Z,0,0,"graham hancock, terrifying discovery, interesting facts, scientists announced, discovery channel, terrifying discoveries, mysterious discoveries, amazing discoveries, antarctica documentary, this discovery in africa scares scientists, scientists terrifying new discovery under antarcticas ice, history channel, the unxplained, william shatner, ufo videos, ancient aliens, history channel best shows, history channel full episodes, ancient aliens scenes, arctic circle"
Lucid Dreams & Nightmares: Ever Dream This Man?,GLP5UupAvSY,2024-02-16T02:00:09Z,0,0,"lucid dreaming, how to lucid dream, is lucid dreaming dangerous, this man hoax, ever dream this man, lucid dream, lucid nightmares, ever dream this man reaction, ever dream this man story, ever dream this man meme, this man, lucid dreams, dream man, lucid dreaming experience"
Knights Templar | Forbidden History and their Secret Quest for Atlantis,z_YeaMO2X0s,2024-02-09T02:00:11Z,0,0,"history channel, full episodes, buried: knights templar and the holy grail, buried: knights templar and the holy grail show, holy grail, secret society, knights templar, the history channel, knights templar documentary, buried: knights templar and the holy grail full episodes, knights treasure, templars history, templars knights, scott wolter, story of the knights, order of the templars, full documentary"
After Files! Panspermia - Life Seeding the Universe,rRA5kyXgmrM,2024-02-02T05:59:16Z,0,0,No Tags
We Are the Aliens | Life's Interstellar Journey to Earth: Panspermia,xxZLBncNRXs,2024-02-02T02:00:12Z,0,0,"alien life, solar system, extraterrestrial life, panspermia theory, what if, fermi paradox, space exploration, interstellar travel, directed panspermia, panspermia hypothesis, life on earth, origin of life, space science, cosmic mysteries, space time, alien life documentary, alien life cycle, alien life on proxima b"
READ & RESEARCH ALONG: Numbers Stations,9Rs_e21MJvA,2024-01-21T07:43:18Z,0,0,No Tags
Humans vs Superhumans | When Monsters Were Real and We Almost Went Extinct,juyvnVL6V7g,2024-01-19T02:00:07Z,0,0,"end of the world, ancient humans, ice age, homo sapiens, human evolution, genetic diversity, human evolution documentary"
"AFTER FILES! Baltic Sea, Atlantis, Underwater Alien Bases",D5DVy-ZCieA,2024-01-12T06:25:03Z,0,0,No Tags
"Baltic Sea Anomaly, Atlantis, and Underwater Alien Bases | Mysteries of the Ocean Pt 1",tgqAt6YN1jE,2024-01-12T02:00:09Z,0,0,"baltic sea anomaly, baltic sea, ocean x team, crashed ufo, baltic sea anomaly documentary, ancient technology, underwater ruins, history channel, ocean x, ancient technology egypt, ancient technology documentary, underwater alien bases, baltic sea anomaly ocean x, baltic sea anomaly gulf of bothnia, caught on camera, ocean x team the mystery, ocean x team 2012, ancient technology science cant explain, ocean x watch"
Project 8200 Exposed | CIA Psychics Find Alien Bases Underground,XWqh9F4pjHg,2024-01-05T05:00:09Z,0,0,"ufo video, history channel, ufo video clips, ufo videos, ufo sighting, the history channel, history documentary, full episodes, ancient aliens full episodes, ufo footage, ufo hunters full episodes, ufo sighting 2023"
New Year's Eve Live Hang-Out,UhXsyhXAe_M,2024-01-01T05:39:53Z,0,0,No Tags
Proof of Life After Death: Hope and a Warning From The Other Side,GDL70lKAz0A,2023-12-29T02:00:11Z,0,0,"life after death, near death experience, near death experience heaven, near death experiences, nde experience, nde stories, near death experience stories, spiritual awakening, is there life after death, out of body experience, near-death experience, afterlife evidence, death and dying, afterlife communication, what happens when you die, near death experience story, after life, nde 2023, near death experiences stories, life after death stories, afterlife proof, beyond death"
"Hang-Out: Christmas Day Edition } Watch-Along, AMA, Goof Off",IlAS26MrbIk,2023-12-26T01:30:48Z,0,0,No Tags
Christmas Watch-Along / AMA / Goof-off,pohEbP5IquU,2023-12-21T23:20:57Z,0,0,No Tags
"AFTER FILES! Book of Enoch, Aliens, Giants and the Search for Noah's Ark",9PZeEvLwoYs,2023-12-15T06:08:03Z,0,0,No Tags
The Search for Noah's Ark | Giants & Aliens in the Book of Enoch,n84o7Ggw2Fw,2023-12-15T02:00:10Z,0,0,"book of enoch, ancient aliens clips, history channel, aliens video, fallen angels, ancient aliens full episodes, the history channel, documentary history channel, ufo videos, ufo video, extra terrestrials"
Go Hecklefish: James Pond vs. Dr. Human,SOr7vqmIwto,2023-12-10T12:00:20Z,0,0,james pond
"""Our Home"" Hecklefish Plushie Promo",N0rAnnCoPCI,2023-12-10T03:48:10Z,0,0,No Tags
"Mystery in Cisco Grove: Don Shrum’s Encounter with UFOs, Aliens and Robots",4yEkCSyTTxg,2023-12-08T02:00:08Z,0,0,"donald shrum, cisco grove, cisco grove ufo, weird news, alien abduction, weird news stories, weird newscasters whose line colin, weird news today, weird news guy, weird news scorch"
"Pajamas, Champagne and 3 Million Friends",CjA6oGWaP2k,2023-12-05T08:14:57Z,0,0,No Tags
Project Looking Glass | The Time Warriors of the 2012 Apocalypse,_nGePkIW3Ac,2023-12-01T02:00:08Z,0,0,No Tags
Thanksgiving Live Stream Watch-Along (cleaned up version linked below),KhnrDrQNkyc,2023-11-24T02:30:46Z,0,0,No Tags
The UFO Incident That Shocked Ariel School: Telepathic Extraterrestrials (Re-Edit),8L6M2mRcux4,2023-11-23T08:00:07Z,0,0,No Tags
Kenny Veach Vanishes on his Quest for the M Cave | Mojave Mysteries Vol. 1,AazxDk1ODVo,2023-11-17T08:00:07Z,0,0,No Tags
Backyard Time Machine: The Time Travel Mystery of Mike “Mad Man” Marcum,j-tGHCHVM_o,2023-11-10T02:00:06Z,0,0,No Tags
Gobekli Tepe After Files,SWa9BcDLf_Y,2023-11-03T04:59:12Z,0,0,No Tags
Göbekli Tepe and the Prophecy of Pillar 43 | Apocalypse and the Vulture Stone,r4xzFWW-FAA,2023-11-03T01:00:07Z,0,0,No Tags
20 And Back - The Super Soldiers Defending the Kuiper Belt,XLhMi6YEhsQ,2023-10-27T01:00:07Z,0,0,"kuiper belt, kuiper belt objects, asteroid belt, the kuiper belt, what is the kuiper belt, kuiper belt facts, planet 9, dwarf planet, dwarf planets, new horizons, kuiper belt productions, kuiper belt and oort cloud, kuiper belt planets"
"Gravity is a Lie, Light Speed is Slow, Nothing is Real, the Universe is Electric",eIgbsZ05O2A,2023-10-22T04:00:06Z,0,0,No Tags
Time-Slip Artifacts: Modern Objects in the Ancient World - Volume 1,uoi2dwH-1go,2023-10-13T01:00:09Z,0,0,No Tags
The Shocking Truth Behind the Knights Templar's Obsession with the Ark,X2NgC5oisCo,2023-10-09T07:00:20Z,0,0,No Tags
Mysterious Sounds After Files!,M0DjcbGwoyQ,2023-10-06T04:31:54Z,0,0,No Tags
"Skyquakes, Upsweeps, and Sky Trumpets | Terrifying Sounds that Signal the End of the World",j_TTKx9ILi8,2023-10-06T01:00:10Z,0,0,"strange sounds, sky sounds, biblical event, sounds in the sky, biblical message, strange sounds in the sky, strange noise, biblical sounds, strange sounds around the world, atmospheric sounds, seventh seal, alien sounds, sounds in space, biblical signs, biblical trumpets, earth moan, alien craft, the wtf files, trumpets from heaven, sky noise, atmospheric humming, sky trumpets, strange sounds under the sea, strange sounds from space"
"Plum Island After Files! Q&A, AMA, Weird Videos, NASA Lies!",24HeQwh60jY,2023-09-29T05:25:54Z,0,0,No Tags
"The Horrors of Plum Island | Hybrids, Human Experiments and Weaponized Killer Insects",TunNIAGN8Ac,2023-09-29T01:00:07Z,0,0,No Tags
Watch Along: Your Choice!,1xUOaqO_kqU,2023-09-24T00:41:25Z,0,0,No Tags
The Rendlesham UFO Encounter and the Alien Message from the Future,9kUromZCP9M,2023-09-23T02:00:08Z,0,0,No Tags
After Files: The Many Worlds Theory!,cTrmlTw06KY,2023-09-15T05:25:59Z,0,0,No Tags
Many Worlds Theory: You're in a Parallel Universe | Can You Visit Your Other Lives?,MNnvoPKcBSM,2023-09-15T01:00:11Z,0,0,"parallel universe, parallel universes, parallel universe proof, multiple universes, man from taured, multiverse theory, mirror universe, parallel universe theory, top 10, time travel, past life, parallel universe stories, alternate reality, signals from space, dark parallel universe, unexplained mysteries, quantum physics, multiverse theory joe rogan"
LIVE Watch-Along: Time Travel,6PwjoptTj5Q,2023-09-10T03:28:11Z,0,0,No Tags
Ghost Lights or Alien Tech? Signals from Beyond the Grave or Beyond the Solar System?,-HxKHUEwnug,2023-09-08T01:00:11Z,0,0,No Tags
The Moon’s Dark Secret: Aliens Harvesting Human Souls for FOOD,r8p44wQMtNE,2023-09-01T01:00:11Z,0,0,No Tags
"Lemuria After Files! Q&A, AMA, Weird News & Videos",2Rlo4gA5Y_Q,2023-08-25T05:22:06Z,0,0,No Tags
"Atlantis Rises, Lemuria Falls: The War that Sank a Continent",WNavHksmXnA,2023-08-25T01:00:09Z,0,0,"ancient mysteries, edgar cayce, ancient aliens, atlantis the lost empire, lost civilizations, lemuria documentary, lemurian civilization, edgar cayce atlantis, ancient history, ancient aliens full episodes, artificial intelligence"
Cicada 3301 After Files! Q&A AMA Deep Dives,sbBdtFqHqvA,2023-08-18T05:24:20Z,0,0,No Tags
Solving Cicada 3301: Decoding the Internet's Greatest Mystery,3ZfKfkuYwyM,2023-08-18T01:00:10Z,0,0,"cicada 3301, unsolved mystery, dark web, alternate reality game, nox populi, deep web, internet mysteries, conspiracy theories, true crime, unsolved mysteries, conspiracy theories tiktok, dark web stories, liber primus"
"Ghost Hunting After Files! Q&A, AMA, Chop it up",FVll9k_RUSg,2023-08-11T04:42:54Z,0,0,No Tags
Life after Death? Communicating with the Other Side,SBlf1uukcm0,2023-08-11T01:00:11Z,0,0,No Tags
Unexplainable Phenomenon  The Incredible Story of Dorothy s Return,QZgY6D2s-nc,2023-08-07T07:00:17Z,0,0,No Tags
Hollow Earth: Agartha After Files!,FuMxp_A1utI,2023-08-04T05:25:20Z,0,0,No Tags
Finding Agartha: The Search for the Hidden City in the Center of the Earth,CFNvij1f0Nk,2023-08-04T01:00:09Z,0,0,No Tags
"Zimbabwe UFO After Files! Talking UFO Hearings, weird news, AMA, Q&A",EBBxZ3PLyrk,2023-07-28T05:36:34Z,0,0,No Tags
"Moon Landing After Files: Moon Conspiracies, Glitches, Lost Time, Ghost Phone Calls, Deep Dives, Q&A",8UfYrdmOl0I,2023-07-21T05:43:29Z,0,0,No Tags
The Moon Landing: Stanley Kubrick's Greatest Film | How NASA and Hollywood Fooled the World,yDyJe1nmSOM,2023-07-21T01:00:09Z,0,0,"moon landing, moon landing hoax, moon landing conspiracy, conspiracy theories, apollo 11, buzz aldrin, conspiracy theory, moon landing fake, moon landing footage, moon landing conspiracy theory, stanley kubrick, apollo 11 moon landing, moon landing live, moon landing 1969 tv coverage, buzz aldrin punches guy"
"Indrid Cold After Files - Q&A, AMA, Deep Dives",eYJiOflZLn0,2023-07-14T05:47:53Z,0,0,No Tags
"Indrid Cold, the Truth about Planet Lanulos and the Mystery of the Smiling Man",1g-wANyGiR0,2023-07-14T01:00:10Z,0,0,No Tags
"AI Apocalypse After Files: Q&A, AMA, Deep dives, weird news",qgZVRbTQ-eQ,2023-07-07T06:05:24Z,0,0,No Tags
Artificial Intelligence Out of Control: The Apocalypse is Here | How AI and ChatGPT End Humanity,brQLpTnDwyg,2023-07-07T01:00:11Z,0,0,"artificial intelligence, chat gpt, artificial general intelligence, chatgpt 4, artificial intelligence movie, artificial intelligence news, google ai, ai robots, boston dynamics, ai robots kill humans news, ai robots taking over the world"
"After Files: Giants in America - Deep Dives, News, Q&A, Free stuff",I4MfgzvCPQs,2023-06-30T05:34:09Z,0,0,No Tags
Forbidden Archaeology: Lost Giants of America | The Smithsonian's Biggest Secret,u2MrTgBoqiI,2023-06-30T01:00:07Z,0,0,No Tags
The Truth about Roswell: Decoding Decades of Deception,rih9-80p0Ec,2023-06-23T04:00:08Z,0,0,No Tags
"Operation Mincemeat: After Files! Q&A, MMA, Deep Dive",kT4rmfp5Jew,2023-06-16T06:05:54Z,0,0,No Tags
Operation Mincemeat: The Shadow Catalyst for CIA's Dark Age,NtUSYNHmPyU,2023-06-16T01:00:10Z,0,0,No Tags
"Kozyrev Mirror After Files! Q&A, AMA, Shoot the Breeze, Real time research",HxTbhLfbHtQ,2023-06-09T06:30:59Z,0,0,No Tags
Bending Time: The Successful Time Travel Experiments using Kozyrev Mirrors,a9hwXoCrEUs,2023-06-09T01:00:08Z,0,0,"time travel, kozyrev mirror, russian time machine, space time, special relativity, time machine, time dilation, time travel movies, time travel paradox"
Aliens & Espionage: Crop Circles and the CIA Coverup | They Don't Want You to Know,x2BQyZorSQc,2023-05-26T04:00:07Z,0,0,No Tags
"Sixth Extinction After Files! Going deep, Q&A, Shoot the breeze",mhwstB-wax8,2023-05-19T05:04:11Z,0,0,No Tags
Surviving The Next Mass Extinction: Are we too late?,-jtqMGKaw6c,2023-05-19T01:00:12Z,0,0,"mass extinction, extinction events, 6th extinction"
"After Files Live Stream! Talking Varginha, aliens, the cover-up. Plus your questions, AMA, Q&A.",_jrD-EJnuak,2023-05-12T05:50:37Z,0,0,No Tags
"Varginha UFO Crash: Alien Contact, Government Denial and Coverup",E76kpPjxMcw,2023-05-12T01:00:08Z,0,0,"history channel, history channel shows, documentary history channel, ancient aliens, aliens video, Varghina, Vargina, Vargenah, Varghinah, Varghena, Varginah, Varghinya, Varginna, Vargiha, Varghinga, Varghina UFO, Vargina UFO, Vargenah UFO, Varghinah UFO, Varghena UFO, Varginah UFO, Varghinya UFO, Varginna UFO, Vargiha UFO, Varghinga UFO, Virginia UFO, extra terrestrials"
Ark of the Covenant: After Files!,WjeNN7X3lRM,2023-05-05T06:25:26Z,0,0,No Tags
Sacred Object or Ancient Weapon? Where is the Ark of the Covenant and what technology did it use?,56OmlPWDRjs,2023-05-05T01:00:11Z,0,0,No Tags
"Martian Mysteries: The After Files! Q&A, Hang Out, Chop it up",MEvTjiPu58s,2023-04-28T06:14:16Z,0,0,No Tags
Alien Artifacts on Mars: What NASA doesn't want you to know,q9Nuy7mFIsE,2023-04-28T01:00:07Z,0,0,No Tags
"Mothman AFTER FILES! Q&A, AMA, Hangout",Wr5iA4k1X8w,2023-04-21T06:13:47Z,0,0,No Tags
The Mothman Returns: Point Pleasant Legend to Chicago Terror,jCUfqwy7bSs,2023-04-21T01:00:11Z,0,0,No Tags
"Exorcism After Files! Q&A, AMA, Hanging Out",OxY8VsfSNPA,2023-04-14T04:44:44Z,0,0,No Tags
Terrifying Truth: Possessions and Exorcisms are Real,xC9SxxjEviE,2023-04-14T01:00:10Z,0,0,No Tags
"America's Secret Space Program: AFTER FILES! Q&A, AMA, Shoot the Breeze",cVoZlYAsBWo,2023-04-07T09:43:37Z,0,0,No Tags
America's Secret Space Program and the Alien Connection: Solar Warden,sfRcl5rmydI,2023-04-07T01:00:08Z,0,0,"secret space program, solar warden, space force, space station, flying saucers"
"Denver Airport AFTER FILES! Q&A, AMA, Shoot the S**T",-9pCmXysOd0,2023-03-31T06:04:08Z,0,0,No Tags
What Are They Hiding Underneath? The Truth about the Denver International Airport Conspiracy,NQflFk5WAO0,2023-03-31T01:00:09Z,0,0,"denver international airport, denver airport bunker, denver airport, denver airport conspiracy, new world order, conspiracy theories, denver airport tunnels, secret tunnels, denver airport mystery, top secret, denver international, denver airport conspiracies, denver international airport conspiracies, underground denver airport, conspiracy theory, denver airport footage, denver airport mustang, denver airport horse, dia airport conspiracy theories"
"Gateway Process: After Files! Q&A, AMA, Chop it Up, Chinwag",lH_fyyAImdY,2023-03-24T06:08:39Z,0,0,No Tags
The Gateway Process: the CIA's Classified Space & Time Travel System That You Can Learn (Really),Wly9_qN-jZ0,2023-03-24T01:00:11Z,0,0,No Tags
"After Files! Reverse Speech. Q&A, Hang Out, AMA, Shoot the breeze",yhjXD8wJpkk,2023-03-17T06:19:35Z,0,0,No Tags
Your BACKWARD voice reveals all your secrets (And the CIA knows it),wP656kgwTgQ,2023-03-17T01:00:10Z,0,0,"cia declassified, cia secrets, central intelligence agency, cia exposed"
"Emerald Tablet AFTER FILES: Q&A, AMA, Shoot the Breeze",baND9BoUHBk,2023-03-10T07:57:16Z,0,0,No Tags
"Atlantis, Thoth, the Emerald Tablet & the Secret to Immortality",_0n1Q0CV-3A,2023-03-10T02:00:10Z,0,0,"philosophers stone, ancient egypt, history channel, what is the philosophers stone, alchemy documentary, philosophers stone alchemy"
"Tesla Tunguska After Files: Chinwag, AMA, Q&A",_1Q3VHCNfyg,2023-03-03T06:12:43Z,0,0,No Tags
The Most Destructive Weapon Tesla Ever Made,Wnx-uM5Rn60,2023-03-03T02:00:10Z,0,0,"nikola tesla, tunguska event, death ray, tunguska explosion, tunguska meteor, tunguska event explained, ufo crash, nikola tesla documentary, nikola tesla free energy, tunguska event documentary, nikola tesla death ray, tunguska event 1908, the tunguska event, nikola tesla inventions, tunguska comet, free energy, tunguska event (film subject), particle beam weapon, nikola tesla vs beelzebub"
"Project Blue Beam: The After Files | Q & A, AMA, Shoot the Breeze, Chop it Up",eULXLrKzPzE,2023-02-24T06:35:03Z,0,0,No Tags
Are all these UFOs an Alien Invasion or has Project Blue Beam finally begun?,YaaGvq2mcR0,2023-02-24T02:00:07Z,0,0,ufo video
exorcisms,RkSOvEw2unE,2023-02-16T09:00:13Z,0,0,No Tags
The Time Traveler who Vanished | The Sergei Ponomarenko Story,_CEyRrYzPVk,2023-02-10T20:12:15Z,0,0,No Tags
"Sergei Ponomarenko After Files: Shoot the breeze, AMA, Q&A, Pre-Applebees Party",IHG28kSNmXI,2023-02-10T06:58:31Z,0,0,No Tags
piri reis map,FGCd-h9sK7A,2023-02-06T09:00:09Z,0,0,No Tags
"Georgia Guidestones After Files: Shoot the breeze, Chop it up, Wag the chin, AMA, Q&A",B1ntFD-57ow,2023-02-03T07:10:26Z,0,0,No Tags
Georgia Guidestones Darkest Secrets Revealed | Destroyed by a villain or a hero?,59IiApDiWjA,2023-02-03T02:00:09Z,0,0,No Tags
saqqara bird,LylOnGRMvfw,2023-01-30T09:00:11Z,0,0,No Tags
"AFTER FILES: Shoot the breeze, chinwag, Q&A, AMA",l3_xOUBK5T4,2023-01-27T05:14:47Z,0,0,No Tags
He found Giants then the Government Found Him | What really happened to Andrew Dawson?,KOajRmbroY0,2023-01-27T02:00:06Z,0,0,No Tags
costa rica spheres,1tzRGkXZ-8I,2023-01-23T09:00:01Z,0,0,No Tags
"Apollo 20 After Files Livestream Q&A, AMA, Hangout, Chop it up",s1Do7ngr17k,2023-01-20T06:08:24Z,0,0,No Tags
Apollo 20: The Secret Mission to the Moon to Salvage an Ancient Alien Spacecraft,YpZKwbdbsJ4,2023-01-20T02:00:11Z,0,0,No Tags
East Bay Boulders,jqcNASh2FOk,2023-01-18T09:00:32Z,0,0,No Tags
Gosford Glyphs,pDeoBEojae4,2023-01-16T20:00:14Z,0,0,No Tags
"AFTER FILES: Q&A, AMA, Shoot the Breeze",1UwPiBkvGQU,2023-01-13T06:20:01Z,0,0,No Tags
"CIA Classified Book about the Pole Shift, Mass Extinctions and The True Adam & Eve Story",4n3fkTq_p0o,2023-01-13T02:00:09Z,0,0,"adam and eve story, story of adam and eve, book adam and eve, cia classified"
The Brooklyn Bridge UFO | The Weirdest Story You'll Ever Hear,4TQIiVlHYxY,2023-01-06T02:00:10Z,0,0,"history channel, history shows, history channel shows, ufo sightings, linda napolitano, new york city"
"Thanks a Million Live Q&A, AMA",CWlOlophVhE,2022-12-30T06:32:12Z,0,0,No Tags
Thanks a Million: Year End Wrap and Story of The Why Files,pIZNBTRYj_o,2022-12-30T01:40:06Z,0,0,No Tags
Shadow People and The Hat Man | Who are they? What do they want?,tsKqJay4ZRE,2022-12-24T02:00:08Z,0,0,No Tags
"Smithsonian Cover-Up / Grand Canyon After Files Q&A, AMA, Hang Out, Shoot the Breeze",uqSVp3ggnr4,2022-12-16T05:19:34Z,0,0,No Tags
Smithsonian Cover-Up: Ancient Egyptians and Giants in the Grand Canyon,ZCYMAs4cqRU,2022-12-16T02:00:09Z,0,0,"grand canyon, underground city, lost city, forbidden archaeology, grand canyon egyptians, ancient egyptians in america, egyptians in the grand canyon, grand canyon egypt, grand canyon national park, ancient egypt, grand canyon discovery"
AFTER FILES Q&A,3YaxIdTe8Ic,2022-12-09T07:21:40Z,0,0,No Tags
How to Build a Working UFO | Alien Reproduction Vehicles (ARVs),yUFYnVXbLoY,2022-12-09T02:00:09Z,0,0,"area 51, ancient aliens, history channel, history shows, flying saucer, extra terrestrials, ufo video clips, flying saucers, history channel shows, ancient aliens clips, aliens video"
Proof of Reincarnation | Dorothy Eady: Ancient Egyptian Priestess Reborn,trj5dsNWgJ8,2022-12-02T02:00:08Z,0,0,"omm sety, dorothy eady, ancient egypt, dorothy eady interview, dorothy eady egyptologist, omm sety speaking egyptian, dorothy eady story, omm seti, history channel, egyptian priestess reincarnation, dorothy eady and omm sety, past life, seti priestess, egyptian mystery, dorothy eady son"
From Amityville to Annabelle | The Truth of Ed and Lorraine Warren's Scariest Case,pl7DE8RFfUc,2022-11-25T02:00:08Z,0,0,"the conjuring, lorraine warren, horror movies, amityville horror, ed and lorraine warren, horror movie, ed warren, annabelle comes home, lorraine warren conjuring"
Secret 10-Year Mission to an Alien Planet 40 Light Years Away | Project Serpo,50Y5r9HeR2w,2022-11-18T02:00:10Z,0,0,"extraterrestrial life, conspiracy theories, serpo, project serpo, serpo planet, alients, ufos, real, why files, ufos and aliens"
What do you do when your new house is haunted?,a9a_DM3Ynp0,2022-11-14T19:47:04Z,0,0,"haunted house, ghost hunting, ghost adventures, the why files, why files shorts"
AFTER FILES: Spontaneous Human Combustion,s1c3k9MfhA0,2022-11-11T05:13:56Z,0,0,No Tags
Only The Legs Remain | Spontaneous Human Combustion,AOO5a_jUOzg,2022-11-11T02:00:06Z,0,0,"spontaneous human combustion, spontaneous combustion, unsolved mysteries, unexplained mysteries, unsolved mystery, human combustion, cinder woman, true crime, weird science, buzzfeed unsolved, unsolved mysteries full episodes, unsolved mystery buzzfeed"
ALIEN WAR and The Horrors of Dulce Underground Base,Je3Qu-xMuxM,2022-11-04T03:15:18Z,0,0,"alien abduction, alien abductions, alien encounters, us military, area 51, ufo videos, ufo video, alien sightings"
AFTER FILES: The Bible Code,Q0_ltg5IYgo,2022-10-28T02:58:45Z,0,0,No Tags
"EVERYTHING is Secretly Encoded in the Bible even YOUR Birth, Death (and the End of the World)",ji4qvi-4MZo,2022-10-28T01:00:08Z,0,0,"bible code, torah code, bible codes documentary, bible codes explained, bible codes secrets in hebrew, history channel, history channel documentary, history channel shows, full episodes, ancient aliens scenes, ancient ufos, ancient aliens"
"Alien Probe, Sentient Machine, Nuclear Weapon, or Junk? What is the Betz Mystery Sphere?",OhBVWX0IkIk,2022-10-20T13:00:08Z,0,0,"betz sphere, betz mystery sphere"
Can an airplane be a time machine? The Drem Time Slip #shorts,yl1pfOEvReM,2022-10-15T17:44:05Z,0,0,No Tags
"After Files Live: Dogmen, Hybrids, Werewolves",aAYL2Pw3jig,2022-10-13T16:03:15Z,0,0,No Tags
"Dogmen, Hybrids, The Beast of Bray Road | True Stories of Werewolves",lPpFFU9EMr8,2022-10-13T13:00:10Z,0,0,"michigan dogman, beast of bray road, monster quest, bray road, beast of bray road 2005, bray road beast, the beast of bray road, michigan dogman movie, michigan dogman sounds, linda godfrey beast of bray road, michigan dogman song, michigan dogman 911 call, michigan dogman stories, discovery channel documentary, linda godfrey"
Glastenbury Mountain and the Bennington Triangle #shorts,Qd5651uHofM,2022-10-08T13:00:23Z,0,0,"bennington triangle, ghost town, glastenbury mountain, strange phenomena"
TESLA KNEW The Secret of the Great Pyramid: Unlimited Energy to Power the World,XU49FSIx0_g,2022-10-06T13:00:11Z,0,0,"nikola tesla, great pyramid, nikola tesla free energy, limitless energy, ancient civilizations, mystery of the pyramids, tesla pyramid, wireless energy, pyramids and energy, inside pyramid of giza, nikola tesla 369, nikola tesla documentary, nikola tesla quotes, nikola tesla vs thomas edison, great pyramid of giza, great pyramids of egypt, nikola tesla inventions, nikola tesla free energy tower"
The After Files: JOHN TITOR: Soldier from the Future,8WN_Ro2aBmM,2022-09-29T15:54:10Z,0,0,No Tags
"JOHN TITOR: Time traveler, soldier, savior | Can he save us from destruction?",V7b2X8rqpsM,2022-09-29T13:00:12Z,0,0,"time travel, time traveler, time machine, john titor, time traveller, time travel paradox, time dilation, back to the future, john titor ii"
Why does this mummy blink her eyes? #shorts,xj5m9tOKQok,2022-09-27T16:24:45Z,0,0,"rosalia lombardo opens her eyes, rosalia lombardo alive, rosalia lombardo, rosalia lombardo documentary, rosalia lombardo history channel completo, rosalia lombardo blink, rosalia lombardo 2022, rosalia lombardo documentary español national geographic, rosalia lombardo 2021"
The Airforce UFO Cover Up That Drove a Man INSANE | They're LYING to US,kJQ_FsmU19g,2022-09-22T13:00:09Z,0,0,"ufo documentary, unidentified flying object, ufo documentary full length, paul bennewitz, richard doty, rick doty, bill moore, mufon, ufo sightings documentary, ufo sightings 2021, ufo sightings, government conspiracy, new mexico, ufo video clips, paul bennewitz doty, airforce, ufo, coverup, conspiracy, insane, roswell, truth, government, to the stars, history channel shows, ufo film, ufo series, ufo videos, aliens video, extra terrestrials, alien encounters, ufo video"
The CIA Murder that Exposed MK-ULTRA | The Frank Olson Assassination,DQ9M1J9-77Y,2022-09-15T13:00:12Z,0,0,"mk ultra, central intelligence agency, cold war, project mkultra, frank olson, mind control, mk ultra joe rogan, frank olsen, frank olson netflix, frank olson documentary, frank olson cause of death, frank olson unsolved mysteries, cia documentary cold war"
The Montauk Project: The Truth is Darker Than You Can Possibly Imagine,Eu_pTOlORk4,2022-09-08T13:00:09Z,0,0,"stranger things, camp hero, the montauk project, montauk project, mind control, long island, time travel, montauk, monster, demogorgon, supernatural, experiment, conspiracy theories, mkultra, mysteries, stranger than fiction, paranormal, secret government experiment, telekinesis, al bielek, preston nichols, camp hero state park, documentary, montauk video, scary stories, scifi, telekenisis, mystery, explained, time travelling"
Legend of the Phantom Fortress | The Ghost Plane that Flew and Landed Itself,1HDH4IbJArM,2022-09-05T21:00:00Z,0,0,"b-17 flying fortress, b-17 bomber, b-17 war thunder, b17g flying fortress, b17 ghost fortress, b17 that landed itself, crewless b17, crewless b-17, ww2 ghost bomber, ww2 ghost plane, ghost plane ww2, ww2 ghost bomber that landed itself, b17 flying fortress, b 17 flying fortress slams into mountain, ghost plane lands at airport, ghost bomber lands itself, b17 ghost bomber, ghost bomber b17, b17g, b17g bomber, ghost plane"
Another Dimension? Time Portal? Another Planet? What's at the Bottom of Mel's Hole?,Z8SjYMTL7zA,2022-09-01T13:00:14Z,0,0,"art bell, mels hole, mel's hole, hole, mysterious, science, mystery, geology, scary, paranormal, mels, caves, creatures, cryptids, urban legends, myths, mysteries, ellensburg washington, giant hole, mels hole sheeps seal, sheeps tumor seal, mels hole sheep, mels hole sheeps tumor seal timelapse sketch, mels hole seal, mels hole sheeps seal drawing, george noory, unsolved mysteries, mels hole found, mels hole mystery, mels hole location, mels hole 2021, mels hole ellensburg washington"
Who are The Dark Watchers? Don't stare too long.,xxXuYqUAnZg,2022-08-29T13:00:09Z,0,0,"the dark watchers, dark watchers, shadow people, big sur, santa lucia mountains, dark watchers california, urban legends, santa lucia, california folklore, the watchers, the why files, thewhyfiles"
"Valiant Thor: A UFO, the Pentagon and a 3-year Mission to Save the World",glehaMc-w98,2022-08-25T13:00:09Z,0,0,"valiant thor, ufo film, ufo sightings, documentary film, ufo sightings documentary, ufo sightings 2022, valiant thor real, true story, the why files"
The bugs that live on your skin and mate on your face #shorts,8GQuyXIYlz4,2022-08-22T13:00:04Z,0,0,face mites
True or False? Did you know all of these? #11 #thewhyfiles #shorts,x2X82ubHWGY,2022-08-19T19:02:08Z,0,0,"the why files, why files, strange coincidences, interesting facts, weird facts, interesting science facts, science facts, facts about science, interesting science, interesting facts about the world, interesting facts shorts, crazy facts, strange facts, strange science facts, bizarre facts, incredible science facts, interesting facts tiktok, why files shorts, bizarre science, unbelievable coincidences, weird science, the why files youtube"
Solving The Most Mysterious Children in History,svUGFt3AF4w,2022-08-18T13:00:10Z,0,0,"green children of woolpit, kaspar hauser, kaspar hauser documentary, pauline picard, pauline picard mystery, kaspar hauser story, pauline picard dna, green children, pauline picard missing, mystery, mysterious children, top 10, kaspar hauser summary"
"An Empty World, A Time Traveler, Another Dimension | Liminal Spaces: The Reality In-between",x36boO6hWjM,2022-08-11T13:00:12Z,0,0,"the backrooms, backrooms, creepypasta, creepypasta the backrooms, scary story, nosleep story, scary stories, creepypasta explained, the infographics show, the backrooms creepypasta, backroom, explain, explained, the backrooms explained, backrooms theory, back rooms, the back rooms, backrooms explained, what are the backrooms, backrooms creepypasta, what is the backrooms, time traveler, liminal spaces, liminal spaces explained, time travel, liminal spaces compilation"
"The Moon Revealed: It's a Hollow Spaceship, so who built it and why?",laXhTcko-lg,2022-08-04T13:00:13Z,0,0,"mysteries of the moon, mysteries, mystery, the unxplained, unexplained, unxplained, hollow moon, moon, hollow, nasa, apollo 12, moons, inside, moon landing, the proof is out there, apollo 11, solar system, moon landing apollo 11, the why files, history shows, history channel, neil armstrong, buzz aldrin, the universe, neil armstrong on the moon full video, moon landing reaction, moon landing interview, apollo 11 landing on the moon"
Chronovisor: The Vatican's Secret Device to See Through Time,NdXF3kmKCPY,2022-07-28T13:00:12Z,0,0,"vatican secrets, time travel, chronovisor, vatican, what is chronovisor, secret, vatican city, vatican library, the chronovisor, vaticans secrets, time travel story, the chronovisor pictures, time travel stories, chronovisor time viewer, father françois brune, le nouveau mystère du vatican, father pellegrino ernetti, was the chronovisor real, time travel chronovisor, vatican secret time machine, catholic church, vatican secret archives, chronovisor heritage, vaticans, archives"
True or False? Did you know all of these? #shorts,mnlmlGgHYkw,2022-07-26T13:00:35Z,0,0,"the why files, why files, strange coincidences, interesting facts, weird facts, interesting science facts, science facts, facts about science, interesting science, interesting facts about the world, interesting facts shorts, crazy facts, strange facts, strange science facts, bizarre facts, incredible science facts, interesting facts tiktok, why files shorts, bizarre science, unbelievable coincidences, weird science, the why files youtube"
True or False? Did you know all of these? #08 #thewhyfiles #shorts,JQzCq9HMVlI,2022-07-23T12:00:08Z,0,0,"the why files, why files, strange coincidences, interesting facts, weird facts, interesting science facts, science facts, facts about science, interesting science, interesting facts about the world, interesting facts shorts, crazy facts, strange facts, strange science facts, bizarre facts, incredible science facts, interesting facts tiktok, why files shorts, bizarre science, unbelievable coincidences, weird science, the why files youtube"
Ancient Craft Watching us From Orbit | The Black Knight Satellite,f5cPzD2a_Ao,2022-07-21T13:00:11Z,0,0,"alien satellite, aliens, aliens nasa, black knight, black knight satellite, black knight satellite image, black knight satellite nasa, black knight theory, extraterrestrial satellite, extraterrestrials, nasa aliens, nasa discovery, nasa documentary, nasa hiding aliens, proof of aliens, science, science theories, space, space documentary, space theories, unveiled space, what is the black knight satellite, elon musk satellite, black knight satellite up close, thewhyfiles, whyfiles"
Visitor from a Parallel Universe | Who Was The Man from Taured?,qppcCh5vuA0,2022-07-14T13:00:09Z,0,0,"interdimensional travel, parallel universe, man from taured, parallel universes, multiple universes, mirror universe, man from taured case solved, man from taured documentary, interdimensional traveler, interdimensional travel documentary, mirror universe theory, parallel universes explained, parallel universes exist, parallel universes probably exist, parallel universe theory, multiple universes documentary, multiple universes explained, proof of multiple universes"
True or False? Did you know all of these? #09 #thewhyfiles #shorts,QktohWYoU7o,2022-07-13T12:00:30Z,0,0,"the why files, why files, strange coincidences, interesting facts, weird facts, interesting science facts, science facts, facts about science, interesting science, interesting facts about the world, interesting facts shorts, crazy facts, strange facts, strange science facts, bizarre facts, incredible science facts, interesting facts tiktok, why files shorts, bizarre science, unbelievable coincidences, weird science, the why files youtube"
Operation Highjump | Mission: Find and Destroy the Secret Nazi UFO Base In Antarctica,Aga-fA6iUm4,2022-07-07T13:00:10Z,0,0,"operation highjump, admiral byrd, history channel, ancient aliens, ufo video, ufo videos, nazi germany, adolf hitler, world war ii, the why files, operation high jump, why files, ufo news, ufo antarctica, nazi ufo, world war weird, unsolved mysteries, war documentary history, mystery history, secret operation, high jump, mystery files, area 52, area 51 tunnel, mark felton productions, history shows, ancient ufo video, admiral byrd hollow earth documentary"
True or False? Did you know all of these? #07 #thewhyfiles #shorts,Jxa1hZiYxCw,2022-07-05T12:00:11Z,0,0,"the why files, why files, strange coincidences, interesting facts, weird facts, interesting science facts, science facts, facts about science, interesting science, interesting facts about the world, interesting facts shorts, crazy facts, strange facts, strange science facts, bizarre facts, incredible science facts, interesting facts tiktok, why files shorts, bizarre science, unbelievable coincidences, weird science, the why files youtube"
True or False? Did you know all of these? #06 #thewhyfiles #shorts,TG3VjJfExcg,2022-07-02T12:00:28Z,0,0,"the why files, why files, strange coincidences, interesting facts, weird facts, interesting science facts, science facts, facts about science, interesting science, interesting facts about the world, interesting facts shorts, crazy facts, strange facts, strange science facts, bizarre facts, incredible science facts, interesting facts tiktok, why files shorts, bizarre science, unbelievable coincidences, weird science, the why files youtube"
The Circleville Letters Mystery | Why can't we solve this?,1hCz21GCFdw,2022-06-30T13:00:11Z,0,0,"circleville letters, the circleville letters, unsolved mysteries, circleville writer, true crime, the circleville writer, circleville ohio, circleville letters mystery, unsolved mystery, paul freshour, mary gillespie, ron gillespie, circleville letters unsolved mysteries, circleville letters 48 hours, circleville letters documentary, circleville letters solved, circleville letters podcast, circleville letters karen, circleville letters ron, the why files, thewhyfiles"
True or False? Did you know all of these? #05 #thewhyfiles #shorts,byl48gjOGFA,2022-06-28T12:00:18Z,0,0,"the why files, why files, strange coincidences, interesting facts, weird facts, interesting science facts, science facts, facts about science, interesting science, interesting facts about the world, interesting facts shorts, crazy facts, strange facts, strange science facts, bizarre facts, incredible science facts, interesting facts tiktok, why files shorts, bizarre science, unbelievable coincidences, weird science, the why files youtube"
Sounds from the Hell | The Borehole Drilling Project that went Very Wrong,RxMa6VD7DOE,2022-06-23T13:00:11Z,0,0,"hole to hell russia sound, deepest hole, deep hole, worlds deepest hole, deepest hole in the world, big hole, kola borehole, deepest holes, inside the earth, whats inside the earth, underground, geology, center of the earth, earth mystery, deepest hole ever made, abandoned, deepest hole in the world russia, deepest hole on earth, deepest hole in russia, deepest hole sound of hell, deepest hole ever dug, deepest hole dug, deepest hole ever dug in russia"
True or False? Did you know all of these? #04 #thewhyfiles #shorts,LfUrHpgD9wM,2022-06-21T12:00:10Z,0,0,"the why files, why files, strange coincidences, interesting facts, weird facts, interesting science facts, science facts, facts about science, interesting science, interesting facts about the world, interesting facts shorts, crazy facts, strange facts, strange science facts, bizarre facts, incredible science facts, interesting facts tiktok, why files shorts, bizarre science, unbelievable coincidences, weird science, the why files youtube"
True or False? Did you know all of these? #03 #thewhyfiles #shorts,2f0OByvvkRw,2022-06-18T12:00:01Z,0,0,"the why files, why files, strange coincidences, interesting facts, weird facts, interesting science facts, science facts, facts about science, interesting science, interesting facts about the world, interesting facts shorts, crazy facts, strange facts, strange science facts, bizarre facts, incredible science facts, interesting facts tiktok, why files shorts, bizarre science, unbelievable coincidences, weird science, the why files youtube"
Fun Facts about Farts 03 - The Why Files #shorts,1KpDzlCVCWM,2022-06-15T13:30:01Z,0,0,"farts, farting, funny farts, fart science, fun facts, facts about farts, fart facts, interesting facts, interesting facts about farts, the why files, the why files youtube, fart"
True or False? Did you know all of these? #02 #thewhyfiles #shorts,9b7yNBLA1Jw,2022-06-14T12:00:08Z,0,0,"the why files, why files, strange coincidences, interesting facts, weird facts, interesting science facts, science facts, facts about science, interesting science, interesting facts about the world, interesting facts shorts, crazy facts, strange facts, strange science facts, bizarre facts, incredible science facts, interesting facts tiktok, why files shorts, bizarre science, unbelievable coincidences, weird science, the why files youtube"
True or False? Did you know all of these? #01 #thewhyfiles #shorts,m9CyVxsE2FM,2022-06-11T12:00:33Z,0,0,"the why files, why files, strange coincidences, interesting facts, weird facts, interesting science facts, science facts, facts about science, interesting science, interesting facts about the world, interesting facts shorts, crazy facts, strange facts, strange science facts, bizarre facts, incredible science facts, interesting facts tiktok, why files shorts"
We Live in a Simulation. The evidence is everywhere. All you have to do is look.,4wMhXxZ1zNM,2022-06-07T13:00:11Z,0,0,"are we living in a simulation, elon musk, documentary, short film, simulation theory, simulation argument, digital world, future science, future technology, glitches in real life, glitches, glitch in real life, glitches in the matrix, real life glitches, the matrix, matrix, glitch in the matrix, mandela effect, berenstain bears, simulation theory documentary, simulation theory elon musk, mandela effects"
Crazy Coincidences 07 - The Why Files #shorts,wstFwAyQqUU,2022-06-04T13:00:32Z,0,0,"coincidences, strange coincidences, coincidences in history, amazing coincidences, historical coincidences, unexplained coincidences, bizarre coincidences, creepy coincidences, freakiest coincidences, crazy coincidences, biggest coincidences, one in million coincidences, weird coincidences, unbelievable coincidences, the why files, thewhyfiles, why files, coincidence"
Fun Facts about Farts 02 - The Why Files #shorts,sUV-nDUygMk,2022-05-30T13:30:11Z,0,0,"farts, farting, funny farts, fart science, fun facts, facts about farts, fart facts, interesting facts, interesting facts about farts, the why files, the why files youtube, fart"
Fun Science Facts 03 - The Why Files #shorts,5WHQtmbgGjg,2022-05-27T13:00:04Z,0,0,"Science, Facts, list, Weird, Weird science, bizarre science, science facts, facts about science, crazy facts, weird facts, bizarre facts, strange facts, strange science facts, interesting, crazy, education, interesting facts, Incredible Science facts, strange science, interesting science, interesting science facts, thewhyfiles, interesting facts about the world, interesting facts tiktok, interesting facts shorts"
How a UFO Caused the Battle of Los Angeles,eAH59Wh-Ymo,2022-05-26T12:00:31Z,0,0,"battle los angeles, ufo, los angeles, la, unidentified flying object, world war ii, battle, aliens, ufo documentary, ufo investigation, weather balloon, spaceship, february 25 1942, blackout, franklin knox, henry stimson, unsolved mystery"
Crazy Coincidences 06 - The Why Files #shorts,MzYMi0o_ZOI,2022-05-25T13:00:10Z,0,0,"coincidences, strange coincidences, coincidences in history, amazing coincidences, historical coincidences, unexplained coincidences, bizarre coincidences, creepy coincidences, freakiest coincidences, crazy coincidences, biggest coincidences, one in million coincidences, weird coincidences, unbelievable coincidences, the why files, thewhyfiles, why files, coincidence"
Crazy Coincidences 05 - The Why Files #shorts,_POHeGxYCB4,2022-05-23T13:00:14Z,0,0,"coincidences, strange coincidences, coincidences in history, amazing coincidences, historical coincidences, unexplained coincidences, bizarre coincidences, creepy coincidences, freakiest coincidences, crazy coincidences, biggest coincidences, one in million coincidences, weird coincidences, unbelievable coincidences, the why files, thewhyfiles, why files, coincidence"
Crazy Coincidences 04 - The Why Files #shorts,udyaDDVJCgY,2022-05-20T13:00:35Z,0,0,"coincidences, strange coincidences, coincidences in history, amazing coincidences, historical coincidences, unexplained coincidences, bizarre coincidences, creepy coincidences, freakiest coincidences, crazy coincidences, biggest coincidences, one in million coincidences, weird coincidences, unbelievable coincidences, the why files, thewhyfiles, why files, coincidence"
Hecklefish's Ocean Fun Facts Part 01 #shorts,2jmumX5cmjc,2022-05-18T13:30:00Z,0,0,"the why files, why files, the why files youtube, thewhyfiles, ocean facts, ocean science facts, mysterious ocean facts, most mysterious ocean facts, ocean facts for kids, facts about the ocean, ocean, facts, scary facts about the ocean, mariana trench"
Fun Science Facts 04 - The Why Files #shorts,iq23VdtETZw,2022-05-17T13:30:11Z,0,0,"Science, Facts, list, Weird, Weird science, bizarre science, science facts, facts about science, crazy facts, weird facts, bizarre facts, strange facts, strange science facts, interesting, crazy, education, interesting facts, Incredible Science facts, strange science, interesting science, interesting science facts, thewhyfiles, interesting facts about the world, interesting facts tiktok, interesting facts shorts"
Fun Facts about Farts 01 - The Why Files #shorts,RFB3MibNEGs,2022-05-16T13:30:15Z,0,0,"farts, farting, funny farts, fart science, fun facts, facts about farts, fart facts, interesting facts, interesting facts about farts, the why files, the why files youtube"
Crazy Coincidences 03 - The Why Files #shorts,Su7P2k5Q-AY,2022-05-13T13:00:11Z,0,0,"coincidences, strange coincidences, coincidences in history, amazing coincidences, historical coincidences, unexplained coincidences, bizarre coincidences, creepy coincidences, freakiest coincidences, crazy coincidences, biggest coincidences, one in million coincidences, weird coincidences, unbelievable coincidences, the why files, thewhyfiles, why files, coincidence"
THE TRUTH of the Immortal: The Count of Saint Germain,VJme28KSb6I,2022-05-13T01:20:20Z,0,0,"saint germain, comte de saint germain, st germain, the count of saint germain, ascended master, the count of st germain, immortality, count of st germain, the count of st germaine, who is the count of st germain, richard chanfray, paranormal, count st germain, freemasonry, theosophy, ımmortal, documentary, count of st germian, immortal man, man who does not die, the wonderman, mysteries, count saint germain, philosophers stone, “i am” activity, ascended masters, history"
THE LEGEND of the Immortal: The Count of Saint Germain,EZsihZg1EGs,2022-05-13T01:00:11Z,0,0,"saint germain, comte de saint germain, st germain, the count of saint germain, ascended master, the count of st germain, immortality, count of st germain, the count of st germaine, who is the count of st germain, richard chanfray, paranormal, count st germain, freemasonry, theosophy, ımmortal, documentary, count of st germian, immortal man, man who does not die, the wonderman, mysteries, count saint germain, philosophers stone, “i am” activity, ascended masters, history"
Crazy Coincidences 02 - The Why Files #shorts,27s0tiCwKg8,2022-05-08T20:23:09Z,0,0,"coincidences, strange coincidences, coincidences in history, amazing coincidences, historical coincidences, unexplained coincidences, bizarre coincidences, creepy coincidences, freakiest coincidences, crazy coincidences, biggest coincidences, one in million coincidences, weird coincidences, unbelievable coincidences, the why files, thewhyfiles, why files, coincidence"
Why Ancient People Didn't See the Color Blue,totDkXxKOXg,2022-05-05T14:00:10Z,0,0,"color blue, before blue berets fired back, ancient egypt, ancient blue, ancient greece, ancient history, tetrachromacy, tetrachromat test, tetrachromat, tetrachromatic vision, tetrachromatic, tetrachromatic vision test, discovery of blue, ancient greeks, color blindness, color theory, color vision, ancient greeks real faces"
Crazy Coincidences 01 - The Why Files #shorts,kiCjb-5woXM,2022-04-30T19:41:51Z,0,0,"coincidences, strange coincidences, coincidences in history, amazing coincidences, historical coincidences, unexplained coincidences, bizarre coincidences, creepy coincidences, freakiest coincidences, crazy coincidences, biggest coincidences, one in million coincidences, weird coincidences, unbelievable coincidences, the why files, thewhyfiles, why files, coincidence"
Why Superstitions Are Good For You,za3rlP9pJEU,2022-04-28T15:22:23Z,0,0,"13, 17, Stuart Vyse, association, black cat, coincidence, death, knock on wood, luck, origins of superstitions, psychology, religion, supernatural, superstition, superstitions, superstitions around the world, superstitious, the why files, unlucky numbers, why files"
The Most Paranormal Place On Earth - What's Happening on Mount Shasta?,LQJs8BHtTXg,2022-04-21T23:09:28Z,0,0,"atlantis report, disappearances from mount shasta, hollow earth, humanoids, legends, legends from california, lemurians, magical places, missing 411, missing persons cases, missing persons mysteries, mount shasta, mount shasta california, mount shasta legends, mt shasta, mt shasta california, mt shasta camping, mt. shasta, mysterious mount shasta, national park mysteries, northern california, portals, sky spirits, supernatural, the why files, underground bases, why files"
Solar storms: more dangerous than you think. Can we survive another Carrington Event?,ftrbdFGTQO4,2022-04-14T15:55:27Z,0,0,"aurora, aurora borealis, blackout, cme, corona, coronal mass ejection, dark skies, disaster, documentary, earth, electric grid, emf, flare, geomagnetic, geomagnetic storm, history, magnetic field, magnetic storm, nasa, richard carrington, science, solar, solar activity today, solar flare, solar flares, solar radiation, solar storm, solar storm of 1859, solar storm warning, solar system, solar winds, space, space weather, spaceweather, storm, sun, the sun, why files"
Derinkuyu | The Lost Ancient City Found in a Man's Basement,UFG8RiMUGD0,2022-04-07T14:00:14Z,0,0,"Ancient Mega City, Cappadocia, Derinkuyu Underground City, Kaymakli Underground City, The Story Behind the Underground Cities, World's Biggest Underground City, ancient city, cappadocia, cappadocia underground city, derinkuyu, derinkuyu underground city, hidden city, hidden city secrets, history, kaymakli, mystery, nevsehir, secret underground city, the why files, underground cities, underground city, underground city in turkey, underground dwellings, why files"
Alien Bases On The Moon | The Amazing True Story of Ingo Swann,V8kT6J_uoic,2022-04-01T01:00:11Z,0,0,"alien, alien visitation, aliens, aliens 1986, aliens and ufos, aliens are real, aliens exist, aliens on the moon, conspiracy, dark side of the moon, history the proof is out there, ingo, ingo swann, moon, moon landing, nasa, proof of aliens, remote viewing, remote viewing documentary, research, science, science videos, space, swann, the dark side of the moon, the moon, the proof is out there, the why files, ufo, ufos, unsolved mysteries, uri geller, why files"
It's All FAKE | The Dead Internet Theory,mlR9fCXfWyM,2022-03-25T01:00:10Z,0,0,"AI, Artificial intelligence, DIT, Dead Internet Theory Explained, Dead internet theory, Facebook, Instagram, Is the internet dead?, The Dead Internet Theory, The dark side of the internet, botted accounts, conspiracy theories, dead, dead internet theory, dead internet theory explained, deepfake, documentary, hacking, internet, internet mysteries, internet mysteries unsolved, the dead internet theory, the why files, theory, unsolved mysteries, web mysteries, why files, youtube mysteries"
Fun Science Facts 02 - The Why Files #shorts,aMDdhSmE14Q,2022-03-21T14:00:00Z,0,0,"Science, Facts, list, Weird, Weird science, bizarre science, science facts, facts about science, crazy facts, weird facts, bizarre facts, strange facts, strange science facts, interesting, crazy, education, interesting facts, Incredible Science facts, strange science, interesting science, interesting science facts, thewhyfiles, interesting facts about the world, interesting facts tiktok, interesting facts shorts"
Legend of the Moon Eyed People | America's First Civilization,86bAheOFJT8,2022-03-18T01:00:12Z,0,0,"2019, 2020, 2021, 2022, american history, anthropology, appalachia, appalachian accent, appalachian mountains, archeology, atlantean gardens, atlantis, cherokee, cherokee nation, columbus, discovery, ghosts, hauntings, history, hollow earth, inner earth, legend, legends never die, moon, moon eyed people, moon-eyed, moon-eyed people, native american, native american history, north carolina, paranormal, the why files, why files"
Fun Science Facts 01 - The Why Files #shorts,Gh5YDe16n1Y,2022-03-15T13:01:08Z,0,0,"interesting facts, interesting science facts, interesting science facts in english, science, the why files, weird facts, why files"
A Time Travel Story | The Dodleston Messages from the past and future,aXG5R4HRlgs,2022-03-11T02:00:11Z,0,0,"2109, amazing discoveries, dodleston, dodleston computer, dodleston messages, dodleston messages debunked, dodleston mystery, education, ghosts, history, john titor, ken webster, messages through time, mysterious, paranormal, proof of time travel, real life glitches, real time travel, science, the vertical plane, the why files, time machine, time travel, time travel proof, time traveler, time travelers, time traveling, time traveller, true stories, vertical plane, why files"
JFK Lincoln Coincidences #shorts | Did You Know All of These??,4cJcCu1h1hY,2022-03-07T04:00:00Z,0,0,"airrack, asmr, assassination of john f. kennedy (crime), ben shapiro, chris rock, coincidences, comedy shorts, family guy, fox news, grassy knoll, jfk, jfk and abraham lincoln connections, jfk assassination, jfk conspiracy theory, john wilkes booth, jordan peterson, lee harvey oswald, lincoln, mrballen, mrbeast, music, ray william johnson, songs, the why files, the why files youtube, thewhyfiles, why files, will smith, will smith slaps chris rock, wwe, youtube shorts"
SOLVED: Why do MISSING FEET keep washing up on Canada's beaches? #shorts,06-Sdo1Qkqk,2022-03-06T22:59:42Z,0,0,"asmr, bd handshake, canada, daily dose of internet, dwayne johnson, facts verse, facts verse creepy photos, feet, florence and the machine, foot shorts, fudgy people playground, funny tiktoks, i wanna live wanna live deep inside i've always been reaching out for a hand, iphone 13 unboxing, kid cudi, missing feet, murder mystery, nba ejections, salish sea, severed feet, soles feet, solved, the why files, thewhyfiles, unsolved mysteries, washed ashore, washed up, why files"
Computer Predicts the End of the World | But here's what they DON'T tell you,zMFTLdqFUwQ,2022-03-03T15:00:36Z,0,0,"1972 mit study, 2040, abc news, apocalypse, club of rome, computer, computer prediction, earth, economic collapse, economics, economics explained, end of civilisation, end of life on earth, end of the world, from the archive, global economic system, global economy, human extinction, life on earth, mit 2040, natural resources, pollution, population, predictions, quality of life, retrofocus, science, technology, the why files, thewhyfiles, this day tonight, why files, world3"
Are Humans the First Civilization? The Silurian Hypothesis,lASPp9stEYA,2022-02-24T15:00:27Z,0,0,"agriculture, aliens on earth, ancient aliens, ancient civilization, ancient civilizations, ancient history, answers with joe, anthropocene, astrobiologists, atlantis, black sea deluge, carbon, chemical, civilization, climate, deep time, dr. who, earth, europa, fossil, gobekli tepe, homo erectus, industrial civilization, industrilization, joe scott, jurassic, lost civilizations, mars, nasa goddard, oil, silurian hypothesis, the why files, thewhyfiles, venus, what if, why files, zanclean flood"
The Man Who Gave Birth -- To His TWIN,Sd8jhbF9_pc,2022-02-20T15:00:18Z,0,0,"birth man, birth twin, fetus in fetu, fetus in fetu movie, fetus in fetu vs teratoma, fetus in fetus telugu, man gave birth, man gave birth to his twin, man gives birth, man gives birth the movie, man giving birth, men birth, pih fetus in fetu, pregnant man, pregnant man greys anatomy episode, sanju baghat, sanju bhagat, sanju bhagat ke bhajan, sanju bhagat official, sanju bhagat story, the why files, the why files youtube, thewhyfiles, thewhyfiles.com, why files, whyfiles"
He Spent a Year in 3906 | This is what Paul Amadeus Dienach saw,8HgLQGb907s,2022-02-18T15:00:08Z,0,0,"chronicles from the future, georgios papachatzis, man from 3906, man from the future, mystery, paul amadeus dienach, paul amadeus dienach movie, paul dienach, polybius, sceince animated, science, the amazing story of paul amadeus dienach, the man who travelled to 3906, the man who visited the future, the why files, the why files youtube, thewhyfiles, thewhyfiles.com, time travel, time travel mystery, time traveller, time travelling, trip to the future, unexplained, why files"
Atlantis World War Pole Shift | The Terrifying Predictions of Edgar Cayce,PQuLc-kEin0,2021-12-30T15:00:15Z,0,0,"edgar cayce, answers with joe, prophecies, history channel, edgar cayce predictions, atlantis, edgar cayce meditation, clairvoyant, clairvoyent, psychic, edgar casey, are psychics real, edgar cayce brian scott, world war 2, atlantis bahamas, answers with joe scott, edgar cayce meditation youtube, edgar cayce christ, history shows, history channel shows, edgar cayce meditation prayer and affirmation, history channels, edgar cayce atlantis, pole shift, the why files"
Bigfoot Aliens KGB? Dyatlov Pass Explained -- and Solved,TSZ9wPPcszo,2021-12-27T15:00:13Z,0,0,"bigfoot, death, dyatlov, dyatlov mystery, dyatlov pass, dyatlov pass aliens, dyatlov pass bodies, dyatlov pass documentary, dyatlov pass incident, dyatlov pass mystery, dyatlov pass solved, dyatlov pass story, dyatlov pass theories, dyatlov pass ufo, dyatlov pass victims, dyatlov tragedy, igor dyatlov, katabatic wind, mysteries, the dyatlov pass, the dyatlov pass incident, the why files, thewhyfiles, unsolved mysteries, unsolved mystery, why files, yuri yudin"
Did you feel the earth move?,lLZyRA7oLik,2021-12-22T22:12:10Z,0,0,"jen, mccreight, purdue, cleric, muslim, breasts, tits, girls, earthquake, earthquakes, iran, science, blaghag, boob, quake, cbs, strange, rally, female, interview, facebook, campaign, iranian, natural, disaster, blag, hag, young, turks, cenk, #boobquake, holiday, global, event, experiment, immodest, clothing, taiwan, boobquakes, boobquake, weird history, funny history"
Project: STARGATE. The CIA Mars and... Time Travel.,7n5Dq-c0_Zw,2021-11-30T15:00:07Z,0,0,"agency, bright side, central intelligence agency, cia, cia declassified documents, cia documents, cia files, cia stargate, club of rome, declassified, document, elon musk, fbi, government, government projects, government secrets, intelligence, mars, mind control, nsa, project, project stargate, remote viewing, remote viewing training, secret, secret document, secrets, soviet, soviet union, spy, spying, stargate, stargate project, telepathy, the cia, time travel, top secret, united states, us"
How Russian children and the KGB trolled America for years,otYgKPoHGMU,2021-11-23T14:31:15Z,0,0,"thething, thing, embassy, bug, incident, moscow, spying, theremin, unitednations, soviet, union, russia, communist, kgb, cia, tradecraft, worldwar2, potsdam, lenin, roosevelt, churchill, russian spy documentary, russian spy, spy wars, moscow moscow, world news, russian spies, russian spy plane, theremin instrument, theremin music, theremin spooky"
"The Fear Frequency | Sonic Weapons, Havana Syndrome",8Kl2LcO9nBQ,2021-11-16T15:40:51Z,0,0,"160 decibels, 17 hz sound, 17hz, 19 hz, 19 hz sound, 19hz, acoustic weapon, acoustic weapons, brownnote, european sound weapon, fear, frequency, frequency vibrations, havana, havana syndrome, horror, infrasound 18 hz, infrasound explained, movies, mythbusters, resonance, sonic weapon, sonic weapons, sonic weapons pirates, sonic weapons sound, sound, syndrome, the why files, thewhyfiles, ultrasound, ultrasound physics, why files"
When will we upload our consciousness to the cloud?,TqM-rhKniLE,2021-09-09T17:03:50Z,0,0,"brain machine interface, dune 2021 scene, metaverse mind upload, mind upload, mind uploading, the why files, thewhyfiles, upload consciousness to computer, uploading consciousness, uploading consciousness to computers, why files"
How Long Can Humans Live Without Their Head? (longer than you think),bAUN1GJD5BQ,2021-09-01T14:00:12Z,0,0,"decapitation, health, transplant, beheading, death, surviving decapitation, brain activity, cut off head, bodyless, headless, education, science, answers with joe, guillotine, decapitated, severed head, consciousness, french revolution, marie antionette, joseph guillotin, creatures, immortal animals, immortal, animal, interesting facts, interesting, facts, craziest animals, snake, snakes, insane animals, live after death, creatures that live after death, animal facts, amazing facts about animals"
The Hidden Wire Around New York City,hSldb9IMDVU,2021-08-25T18:05:04Z,0,0,"around nyc, business, eruv, files, halk tv canlı, insider, jews, manhattan, new york, new york city, rabbi, retrorestore, sabbath, shabbat, single wire, the, the why files, tiny, united states of america (country), why, why theres a wire around manhattan, wire"
The Why Files - Channel Trailer,d747dgZqIwQ,2021-08-22T20:25:59Z,0,0,"the why files, mysteries, mystery, ufos, aj gentile, joe rogan, secrets, science, conspiracies, conspiracy, government coverups"
"Can you join a cult without knowing it? Is The Latitude a game, business or something else?",s6JjHAnCWqU,2021-08-03T16:00:36Z,0,0,"jejune institute, the why files, thewhyfiles, why files"
The Phantom Time Hypothesis | 300 Years ARE MISSING from the Calendar,g5NG6mo1zGY,2021-07-26T17:00:32Z,0,0,"1724 year, are we living in 1724, calendar, comedy, common misconceptions, conspiracy, conspiracy theories, conspiracy theory, council of nicea, gregorian calendar, julian calendar, medieval period wasn't a dark age, middle ages, missing 1000 years, phantom time, phantom time hypothesis, phantom time theory, pope gregory, science, stuff you should know, the middle ages never happened joe scott, the phantom time hypothesis, the why files, time, urban legends, why files"
Tesla's technology to talk to spirits of the dead,kAm6dKvFb78,2021-06-07T17:00:17Z,0,0,"edison spirit phone, frank's ghost box, ghost, ghost box, ghost hunting, ghost stories, ghosts, how to talk to dead people, nostradamus 2022, ronald mallett, spirit, spirit box, spirit phone, spirit radio, talk to ghost, talk to ghost spirits, talk to ghosts, talk to spirits, talk to the dead, talking to ghosts, talking to the dead, telephone to the dead, tesla alcohol, tesla files, tesla spirit radio, the why files, thewhyfiles, thomas edison, thomas edison spirit phone"
The Government has Secret Listening Posts in Every Major City,dSZvXgu7Q2Q,2021-05-27T17:00:31Z,0,0,"33 thomas street, long lines building, nyc, new york city, new york, secret skyscraper, nsa, government secret, at&t, titanpoint, titanpointe, snowden, leak, leaked documents, spying, surveillance, fbi, cia, national security agency, edward snowden, democracy now, windowless skyscraper nyc, mass surveillance, united states national security agency (industry), national security agency documentary, mass surveillance in us, secret skyscraper new york"
Area 51 Airline? | JANET: The Secret Government Airline That Doesn't Exist,x-Veqz6JpQY,2021-05-20T16:00:20Z,0,0,"51, aecom, aerolineas janet, aerolínea janet, airline, airlines, airport, area, area 51, china lake, conspiracy, educational, eg&g, fast, fun, funny, gold coast terminal, government, half as interesting, hangar, interesting, janet, las vegas, maccarran, mccarran airport las vegas, mccarren field, mysteries, mystery, nevada, secret, secrets, terminal, the why files, tonopah, vegas"
Polybius | The Most Deadly Video Game in History | More Truth than Legend,4TrT9tVjNJg,2021-05-07T17:04:18Z,0,0,"Polybius game theory, arcade game, arcade games, blackpink, conspiracy theory, creepy pasta, game theory, gaming historian, mind control, mind control arcade game, mk ultra, polibius game play, polybius, polybius arcade, polybius arcade game, polybius conspiracy, polybius creepypasta, polybius game, polybius gameplay, polybius theory, polybius urban legend, steven roach, urban legend, video game, video game addiction, video game history, video games, was polybius real"
Comparing Earth technology with alien civilizations | The Kardashev Scale,P8cP1ChW3io,2021-05-03T18:46:32Z,0,0,"kardashev scale, alien, aliens, alien civilisation, alien life, universe, earth like planets, type 1 civilization, type 2 civilization, type 3 civilization, type 4 civilization, type 5 civilization, dyson sphere, dyson swarm, the kardashev scale explained, the kardashev scale, type1 to type 5 civilization, nikolai kardashev, kardashev scale civilizations, kardashev scale explained, advanced civilization, michio kaku, type 0 civilization, future technology, future civilization"
The Dog Suicide Bridge | Why Have Hundreds of Dogs Jumped?,hHpfGf_bFps,2021-04-22T16:00:33Z,0,0,"bridge kills dogs, dog suicide, dog suicide bridge, dog suicide bridge dumbarton, dog suicide bridge explained, dog suicide bridge scotland, dogs jump off bridge, dumbarton, ghost, lady overtoun bridge, mysterious phenomena, overton, overtoun bridge, overtoun bridge documentary, overtoun bridge experiment, overtoun bridge in scotland, overtoun bridge scotland, scotland bridge, scotland bridge leads dogs to their death, the unexplained files, weird mysteries, why files"
UNSOLVED: The Creepiest TV Hack in History,aTuonpTAIOw,2021-04-19T16:00:02Z,0,0,"unsolved, mysteries, television, max headroom, max headroom incident, max headroom incident wgn, tales from the internet, reddit, reddit max headroom, broadcast interruptions, broadcast interruptions in history, max headroom broadcast, max headroom broadcast signal intrusion, max, headroom, max headroom hack, max headroom incident solved, max headroom solved, mystery, unsolved mysteries, broadcast intrusions, piracy, chicago, tv, wttw, hack, live tv, mysterious videos, doctor who"
The Secret Room Inside Mount Rushmore and Other Little Known Facts,hckQ0TZ1h4w,2021-04-17T00:32:09Z,0,0,"abraham lincoln, american history, facts, george washington, gutzon borglum, hidden rooms, history, monuments, mount rushmore, mount rushmore facts, mount rushmore history, mount rushmore national memorial, mount rushmore national park, mount rushmore presidents, mount rushmore secret room, mt rushmore, mt. rushmore, mysterious, mystery, national park, presidents, rushmore, secret, secret chamber, secret places, secret room, thomas jefferson, tour, vault, whats inside, why files"
The Science of Ancient Acoustic Levitation | How The Pyramids Were Built?,JSwT3vWazFo,2021-03-25T16:00:06Z,0,0,"Leedskalnin, acoustic levitation, ancient aliens, ancient aliens episodes, ancient aliens history, ancient levitation, ancient technology, ancient ufos, baalbek, coral castle, giz, levitating objects, levitating pyramid, levitating spinning pyramid, levitation, levitazione, magnetic levitation, mass levitation, nan madol, pyramid, pyramids, pyramids are built by acoustic levitation, schist disk, science of levitation, sonic levitation, sound levitation, why files, yogi levitation"
"Message To The Misfits, Outcasts, Dreamers & Visionaries",qP-NvqHBfrk,2021-03-23T21:03:33Z,0,0,No Tags
Earthquakes Asteroids Zombies: Predictions of Nostradamus,CLATUuVcPBs,2021-03-11T16:00:03Z,0,0,"2021 predictions, biography, earthquakes, end times, history, nostradamus, nostradamus 2021, nostradamus biography, nostradamus decoded, nostradamus effect clips, nostradamus ki bhavishyavani, nostradamus prediction 2021, nostradamus predictions, nostradamus predictions 2021, nostradamus prophecy, nostradamus video, nostradamus videos, november 25 2021, predicting the future, the why files, zombie apocalypse 2021"
Stuxnet | The Computer Virus That Caused World War 3,YGub8195Zus,2021-03-04T19:57:40Z,0,0,"atomic, centrifuges, cia, cyber, cyber command, cyber worm stuxnet, cybercommand, cyberwarfare, hackers, hacking, iran, malware stuxnet, nsa, nuclear, stuxnet, stuxnet code, stuxnet documentary, stuxnet explained, stuxnet iran, stuxnet source code explained, stuxnet virus, stuxnet virus code, stuxnet virus explained, stuxnet virus in action, stuxnet worm, stuxnet zero day, stuxnet zero days, stuxtnet, syria, the why files, virus, vírus stuxnet, war, weapon, weapons, worm, zero days full movie"
"Numbers Stations | Listen to Spy Broadcasts, Audio & Coded Messages",cfv6nm4ykLY,2021-02-24T17:00:32Z,0,0,"numbers stations, lincolnshire poacher, amateur radio, number stations, cold war, transmissions, short wave, shortwave, radio, spectrum, tools, online, secrets, mysteries, mysterious, secret agents, code, field agent, one time pad, otp, skywave propagation, spies, spying, espionage, cod war, communication, codes, encryption, cyprus, spanish lady, swedish rhapsody, the bored man, audio, numbers station, numbers station audio, number station, numbers station creepy, numbers station recordings"
Time Travel Possible? Evidence Says Yes | 9 Time Travelers caught on film,TeS_Yq-7vHw,2021-02-18T16:30:01Z,0,0,"time travel, travel, charlie chaplin, adventure, funny, rudolph fenz, mike tyson, time traveler, traveller, evidence, hipster, chinese tomb, ancient astronaut, time machine, andrew carlssin, andrew carlson, technology, time travel proof, proof of time travel, is time travel real, is time travel possible, time travelers, time travel evidence, real time travel, travel in time, time travel stories, evidence time travel may exist, real time traveler, time traveller, time traveling"
Aztec Death Whistle | The Scariest Sound You've Ever Heard,Y5szkAecabU,2021-02-11T17:00:12Z,0,0,"ancient architects, aztec culture, aztec death, aztec death whilstle, aztec death whistle, aztec death whistle sound, aztec death whistle video, aztec death whistles, aztec sacrifice whistle, aztec whistle, aztec whistle of death sound, death whilstle, death whistle, death whistle sound, death whistles, hear aztec death whistle, scariest sound in the world, screaming whistle, sound aztec whistle, the aztecs, todespfeife, whistle aztec, worst sound in the world"
"The Philadelphia Experiment - The truth about invisibility, teleportation and time travel",TNKZz-C0EOc,2021-02-04T20:10:56Z,0,0,"aliens, carlos allende, cloaking device, conspiracy theories, conspiracy theories explained, coverups, creepy urban legends, mystery, philadelphia experiment, philadelphia experiment explained, philadelphia experiment hoax, philadelphia project, science, secret military experiment, secret military projects, secrets of military history, teleportation experiment, the philadelphia experiment, the why files, time travel, time travel stories, ufos, unified field theory, uss eldridge"
Why We Like To Be Scared | Do You Enjoy Fear?  This video will scare you. 😱,v54begBp3pE,2021-01-31T17:26:14Z,0,0,"science, fear, fun, halloween, spooky, scary science, amygdala, fear science, amygdala fear, why fear, why enjoy fear, scary movie science, fear neuroscience, scary neuroscience, spooky science, why are scary things fun, lizard brain, zombies, buzzfeed, monster, margee kerr, ted talk, fright, dopamine, paranormal, haunting, strange, creepy, haunted house, conspiracy, screaming, response, the scream, brain, scare, scary, haunted, facts, scaring, scary movie, scared, ghost, glow in the dark, spirit, demon"
"CIA Declassifies UFO Documents 👽 | Download Now 💾 | 3,000 Pages",7YT8bfZI8fs,2021-01-28T17:00:03Z,0,0,"ufo, unidentified flying objects, roswell, conspiracy, the x-files, aliens, science, us, news, independence day, et, fiction, area 51, new mexico, navy, army, pentagon, leaked, videos, pilots, f-18, fake, myth, predator, nevada, earth, space, cia, cia ufo, cia ufo documents, cia aliens, coverup, cia ufos, mufon, back vault, black vault documents, black valut, black vault ufo, the why files, ufo sightings, navy ufo videos, us navy ufo video, ufo sightings 2021, unexplained aerial phenomenon, 2020"
Largest Dinosaur EVER Discovered 😮 | Bigger than Patagotitan Majorum,twstdwcxjdk,2021-01-27T20:15:37Z,0,0,"science, argentina, dinosaur, fossils, titanosaur, largest dinosaur, dinosaur skeleton, herbivore, plant eating dinosaurs, biggest dinosaur fossil, south america, paleontologist, patagotitan, patagotitan majorum, biggest dinosaur in the world, patagotitan mayorum, biggest dinosaur, biggest dinosaur that ever lived, national geographic, biggest dinosaurs of all time, biggest dinosaur fossil ever found, biggest dinosaur bones ever found, biggest dinosaur skeleton, largest dinosaur bones"
"The Nevada Triangle | 2,000 Planes Mysteriously Crashed & Missing Near Area 51 👽🤔",WMETBHvo-U4,2021-01-21T18:00:06Z,0,0,"2020, 2021, aliens, area 51, bermuda triangle, creepy, disappear, disappearance, documentaries, documentary, evidence, history, history channel, investigation, investigative, military, missing 411, missing persons, mysteries, mystery, nevada, nevada triangle, plane crash, real, science, secret government, steve fossett, story, strange disappearances, supernatural, the nevada triangle, the why files, true stories, unexplained, unexplained disappearances, unsolved, unsolved mysteries, vanish, video"
What does outer space smell like? (You're not gonna like it.),urvVEQWbWak,2021-01-16T00:36:49Z,0,0,"space, space science, science, astronomy, outer space, galaxy, spaces, nasa, mars, hubble, planet earth, planet, astronaut, stars, nasa news, solar system, moon, universe, spaceship, space junk, space exploration, space facts, smart, banana, moon dust, gunpowder, smell, odor, smell receptor, desert rain effect., petrichor, lunar dust, what does space smell like, space smell, solar system project, what space smells like, moon smell, solar system facts, what does the space station smell like"
Voynich Manuscript Decoded | The Mysterious Book Finally Solved?,__CI6-fjbsU,2021-01-03T21:00:13Z,0,0,"Edward Kelley, History, John Dee, Leonardo Da Vinci, Manuscript Decoded, Mysterious Manuscript, Mystery, Revealed, Secret, Solved, Voynich, Voynich Decoded, Voynich Manuscript, Voynich Revealed, ancient mysteries, codebreaking, codex seraphinianus, decoded, mysterious books in the world, solved, the voynich manuscript, the why files, the world's most mysterious book, voynich code, voynich manuscript, voynich manuscript revealed, voynich manuscript solved, world's most mysterious book"
Nanorobotics & Nanotechnology | Changes Our Lives Forever,P6mwnfqoNFg,2020-12-29T18:05:24Z,0,0,"Nanorobotics, Richard Feynman, Eric Drexler, Nanoroboticist, Ray Kurzweil predictions, tiny robot, nano-revolution, Nanomedicine, nanobots, nanotechnology, nanorobotics in medicine, nanorobotics in human body, The Nanorobot Surgeon You Can Swallow, nano, robot, brain, cell, animation, computer, video, hd, robotics, robots, nanorobotics meaning, nanorobotics definition, cancer treatment, nanorobotics pronunciation, nanorobots, nanobots in real life, ray kurzweil, science, nanotechnology in medicine"
"Uncanny Valley Explained | Why Robots, Dolls and Mannequins are Creepy",YF8gc1jBiFM,2020-12-21T00:00:07Z,0,0,"creepy, scary, creepypasta, reddit, fear, amygdala, horror, terror, stephen king, haunted, ghosts, terrific, masks, uncanny valley, robots, android, mark zuckerberg robot, uncanny faces, scream, fright, afraid, trust, why are things creepy, why are things scary, what is fear, why are we afraid, uncanny valley explained, uncanny valley effect, i feel fantastic, creepy dolls, uncanny valley examples, scary videos, uncanny valley faces, why are things creepy vsauce, creepy robots, masahiro mori"
Why The Dinosaurs Died | The Chicxulub Asteroid Impact,xrbkQsEP7zY,2020-12-14T00:43:25Z,0,0,"asteroid, chicxulub crater, chicxulub impact, dinosaur extinction asteroid, chicxulub crater yucatan mexico, dinosaur extinction event, dinosaur extinction theories, outer space, extinction, comets asteroids and meteors, dinosaurs, asteroid hitting earth, asteroid mining, chicxulub crater simulation, chicxulub crater mexico, asteroid impacts, asteroid impact video, asteroid impact scene, asteroid impact what are your chances, asteroid impact dinosaur extinction, nasa, space"
OFF LIMITS: The Most Secret Places in the World,fWKCFahyRHw,2020-12-10T18:25:03Z,0,0,"top secret places, top secret places in the world, top secret places on earth, area 51, ufos, menwith hill, echelon conspiracy, echelon, spying, surveillance, vatican secret rooms, vatican secret archives, knights templar, room 39, mount weather, secret bunker, underground bunker, global seed vault, global seed vault svalbard norway, secret locations, top secret locations, chinon parchment, apocalypse"
"Why doesn't the US use Metric? Pirates. Yes, pirates.",CZNEQFp9FYw,2020-11-19T00:55:53Z,0,0,"metric system, united states, weird, science, history, comedy, fun, pirates, thomas jefferson, dombey, why doesn't the us use metric, why doesn't the united states use metric, pirates of the caribbean, american history, why doesn't the us use the metric system, france, french revolution"
"Raining spiders, frogs, fish and ... meat. Yes, meat.",16xhpv13DsM,2020-11-06T02:29:34Z,0,0,"animal rain, raining worms, raining spiders, raining snakes, raining blood, raining fish, raining tadpoles, raining spiders in austrailia, raining spiders 2020, raining spiders in austrailia video, raining spiders goulburn, raining worms uk, raining spiders in brazil, raining spiders in australia, raining spiders in texas, fish raining from the sky in honduras, interesting facts, interesting facts about animals, raining fish from the sky, honduras, fish rain"
"ASMR: What it is, what it stands for and how it works",Hmy867m2QlQ,2020-10-28T01:10:26Z,0,0,"science, top 5, asmr tingles, personal attention asmr, autonomous sensory meridian response, what is asmr and how does it work, asmr triggers for people who dont get tingles, what is asmr, what does asmr stand for, what does asmr stand mean, what does asmr stand for in youtube, what does asmr stand for￼, what does asmr stand for sound, asmr, what does asmr stands for, asmr what is it, what is the meaning of asmr, what is asmr mean, how does asmr work, visual asmr"
Top 10 Scariest Places You Can Actually Visit Right Now. IF YOU DARE.,HZpUbBDWLK0,2020-10-23T05:01:58Z,0,0,"scary, scariest, creepy, haunted, ghosts, paranormal, science, ghost hunters, ghost town, abandoned, top 10, top 5, haunted house, mysterious, mystery, terror, terrifying, psychiatric hospital, haunted prison, top scariest places to visit, creepiest places, abandoned places, true scary stories, amazing top 10, haunted places, ghost stories, most amazing top 10, scary places, scary videos, scary video, top 10 scary, scariest places on earth, 10 most haunted theme parks, lester eubanks"
Top 10 Terrifying Animals That Actually Exist,FNiXDiNsM9Q,2020-10-13T07:36:04Z,0,0,"weird animals, terrifying animals, scary animals, terrifying animals that exist, terrifying animals that are still alive, scariest animals, top 10, interesting facts, scary creatures in the ocean, strange animals, animals, facts, scariest animals ever, scariest animals on earth, scariest animals in the world, scariest animals alive today, Mysterious creatures, weird animals that you didnt know existed, most amazing top 10, creepy, top ten animals, bot fly, botfly, cyclops shark"
15 Mind Blowing Math Facts | Insane but True,BR_8AxIwKV8,2020-10-05T07:29:26Z,0,0,"amazing math facts, 15 amazing math facts, math fact, birthday paradox, numeric palindromes, insane math patterns, factorials, expontential progress, geometric progression, paper folding puzzle, big numbers, googol, googolplex, graham's number, numberphile, fascinating math, ed kasner, interesting math, math, amazing math problems, huge numbers, maths, science, fun of mathematics, numbers, math tricks, crazy math trick, amazing facts, mind tricks to play on friends"
